iter	MultiClass
0	2.324287632
1	1.932491189
2	1.715848882
3	1.566301766
4	1.379814857
5	1.243593124
6	1.138321066
